group	strain	isotype	isotype_ref_strain
0	BRC20391	BRC20391	BRC20391
1	BRC20400	BRC20400	BRC20400
2	BRC20464	BRC20464	BRC20464
3	BRC20548	BRC20548	BRC20548
4	ECA1299	ECA1299	ECA1299
5	ECA1300	ECA1300	ECA1300
6	ECA1301	ECA1301	ECA1301
7	ECA1302	ECA1302	ECA1302
8	ECA1303	ECA1303	ECA1303
9	ECA1304	ECA1304	ECA1304
10	ECA1305	ECA1305	ECA1305
11	ECA1306	ECA1306	ECA1306
12	ECA1307	ECA1307	ECA1307
13	ECA1309	ECA1309	ECA1309
14	ECA1310	ECA1310	ECA1310
15	ECA1311	ECA1311	ECA1311
16	ECA1312	ECA1312	ECA1312
17	ECA1313	ECA1313	ECA1313
18	ECA1401	ECA1401	ECA1401
19	ECA1403	ECA1403	ECA1403
20	ECA1405	ECA1405	ECA1405
21	ECA1445	ECA1445	ECA1445
22	ECA1447	ECA1447	ECA1447
23	ECA1449	ECA1449	ECA1449
24	ECA1451	ECA1451	ECA1451
25	ECA1453	ECA1453	ECA1453
26	ECA1481	ECA1481	ECA1481
27	ECA1518	ECA1518	ECA1518
28	ECA1579	ECA1579	ECA1579
29	ECA1581	ECA1581	ECA1581
30	ECA1583	ECA1583	ECA1583
31	ECA1585	ECA1585	ECA1585
32	ECA1599	ECA1599	ECA1599
33	ECA1603	ECA1603	ECA1603
34	ECA2087	ECA2087	ECA2087
35	ECA2898	ECA2898	ECA2898
36	ECA2899	ECA2899	ECA2899
37	ECA2900	ECA2900	ECA2900
38	ECA2909	ECA2909	ECA2909
39	ECA2910	ECA2910	ECA2910
40	ECA2920	ECA2920	ECA2920
41	ECA2954	ECA2954	ECA2954
42	ECA2955	ECA2955	ECA2955
43	ECA2976	ECA2976	ECA2976
44	ECA3053	ECA3053	ECA3053
45	ECA788	ECA788	ECA788
46	ECA789	ECA789	ECA789
47	ECA790	ECA790	ECA790
48	ECA791	ECA791	ECA791
49	ECA792	ECA792	ECA792
50	ECA793	ECA793	ECA793
51	ECA794	ECA794	ECA794
52	ECA795	ECA799	ECA799
52	ECA799	ECA799	ECA799
53	ECA796	ECA796	ECA796
54	ECA797	ECA797	ECA797
55	ECA798	ECA798	ECA798
56	ECA800	ECA800	ECA800
57	ECA801	ECA801	ECA801
58	ECA802	ECA802	ECA802
59	ECA803	ECA803	ECA803
60	ECA804	ECA804	ECA804
61	ECA805	ECA805	ECA805
62	ECA806	ECA806	ECA806
63	EG5889	EG5889	EG5889
64	EG6180	EG6180	EG6180
65	HPT25	HPT25	HPT25
66	HPT33	HPT33	HPT33
67	HPT39	HPT39	HPT39
68	HPT56	HPT56	HPT56
69	JU1373	JU1373	JU1373
70	JU1374	JU1374	JU1374
71	JU1428	JU1428	JU1428
71	JU1429	JU1428	JU1428
71	JU1430	JU1428	JU1428
72	JU1630	JU1630	JU1630
73	JU1631	JU1631	JU1631
74	JU1632	JU1632	JU1632
75	JU1633	JU1633	JU1633
76	JU1634	JU1634	JU1634
77	JU1635	JU1635	JU1635
78	JU1636	JU1636	JU1636
79	JU1639	JU1639	JU1639
80	JU1640	JU1640	JU1640
81	JU1641	JU1641	JU1641
82	JU1800	JU1800	JU1800
83	JU1818	JU1818	JU1818
84	JU1819	JU1819	JU1819
85	JU1821	JU1821	JU1821
86	JU1831	JU1850	JU1850
86	JU1850	JU1850	JU1850
87	JU1835	JU1835	JU1835
88	JU1836	JU1836	JU1836
89	JU1838	JU1838	JU1838
89	JU1839	JU1838	JU1838
90	JU1845	JU1845	JU1845
91	JU1846	JU1846	JU1846
92	JU1847	JU1847	JU1847
93	JU1848	JU1848	JU1848
94	JU1849	JU1849	JU1849
94	NIC53	JU1849	JU1849
95	JU1851	JU1851	JU1851
96	JU1870	JU1870	JU1870
97	JU1871	JU1871	JU1871
97	JU1872	JU1871	JU1871
98	JU1975	JU1975	JU1975
99	JU1976	JU1976	JU1976
100	JU2505	JU2505	JU2505
101	JU2750	JU2750	JU2750
101	JU2751	JU2750	JU2750
102	JU2752	JU2752	JU2752
103	JU3170	JU3170	JU3170
104	NIC1000	NIC1000	NIC1000
104	NIC1001	NIC1000	NIC1000
105	NIC1004	NIC1004	NIC1004
106	NIC1005	NIC1005	NIC1005
107	NIC1012	NIC1012	NIC1012
108	NIC1015	NIC1016	NIC1016
108	NIC1016	NIC1016	NIC1016
109	NIC1028	NIC1028	NIC1028
110	NIC1029	NIC1038	NIC1038
110	NIC1038	NIC1038	NIC1038
111	NIC1033	NIC1033	NIC1033
112	NIC105	NIC105	NIC105
113	NIC1112	NIC1112	NIC1112
114	NIC1114	NIC1116	NIC1116
114	NIC1115	NIC1116	NIC1116
114	NIC1116	NIC1116	NIC1116
115	NIC1121	NIC1121	NIC1121
115	NIC1122	NIC1121	NIC1121
116	NIC1126	NIC1126	NIC1126
116	NIC1129	NIC1126	NIC1126
117	NIC1130	NIC1160	NIC1160
117	NIC1133	NIC1160	NIC1160
117	NIC1159	NIC1160	NIC1160
117	NIC1160	NIC1160	NIC1160
118	NIC1132	NIC1132	NIC1132
119	NIC1136	NIC1136	NIC1136
120	NIC1137	NIC1137	NIC1137
121	NIC114	NIC114	NIC114
122	NIC1140	NIC1140	NIC1140
123	NIC1142	NIC1142	NIC1142
124	NIC1144	NIC1144	NIC1144
125	NIC1145	NIC1145	NIC1145
126	NIC1146	NIC1146	NIC1146
127	NIC1147	NIC1147	NIC1147
128	NIC1148	NIC1149	NIC1149
128	NIC1149	NIC1149	NIC1149
129	NIC1150	NIC1150	NIC1150
130	NIC1151	NIC1151	NIC1151
131	NIC1152	NIC1152	NIC1152
132	NIC1153	NIC1153	NIC1153
133	NIC1155	NIC1155	NIC1155
134	NIC1156	NIC1156	NIC1156
135	NIC1157	NIC1157	NIC1157
136	NIC1161	NIC1161	NIC1161
137	NIC1162	NIC1163	NIC1163
137	NIC1163	NIC1163	NIC1163
138	NIC1164	NIC1164	NIC1164
139	NIC1165	NIC1165	NIC1165
140	NIC1166	NIC1167	NIC1167
140	NIC1167	NIC1167	NIC1167
141	NIC1168	NIC1168	NIC1168
142	NIC1169	NIC1169	NIC1169
143	NIC1170	NIC1170	NIC1170
143	NIC1173	NIC1170	NIC1170
144	NIC1171	NIC1180	NIC1180
144	NIC1172	NIC1180	NIC1180
144	NIC1178	NIC1180	NIC1180
144	NIC1180	NIC1180	NIC1180
145	NIC1174	NIC1175	NIC1175
145	NIC1175	NIC1175	NIC1175
146	NIC1176	NIC1176	NIC1176
147	NIC1177	NIC1177	NIC1177
148	NIC1179	NIC1179	NIC1179
149	NIC1181	NIC1181	NIC1181
150	NIC1187	NIC1188	NIC1188
150	NIC1188	NIC1188	NIC1188
151	NIC1192	NIC1192	NIC1192
152	NIC1193	NIC1193	NIC1193
153	NIC120	NIC125	NIC125
153	NIC125	NIC125	NIC125
154	NIC121	NIC124	NIC124
154	NIC124	NIC124	NIC124
155	NIC122	NIC122	NIC122
156	NIC1252	NIC1252	NIC1252
157	NIC1254	NIC1254	NIC1254
158	NIC1257	NIC1257	NIC1257
158	NIC1509	NIC1257	NIC1257
159	NIC1268	NIC1268	NIC1268
160	NIC1270	NIC1270	NIC1270
161	NIC1272	NIC1272	NIC1272
162	NIC1275	NIC1275	NIC1275
163	NIC1276	NIC1276	NIC1276
164	NIC1277	NIC1277	NIC1277
165	NIC1278	NIC1278	NIC1278
165	NIC1388	NIC1278	NIC1278
166	NIC1282	NIC1410	NIC1410
166	NIC1284	NIC1410	NIC1410
166	NIC1397	NIC1410	NIC1410
166	NIC1404	NIC1410	NIC1410
166	NIC1409	NIC1410	NIC1410
166	NIC1410	NIC1410	NIC1410
167	NIC1285	NIC1293	NIC1293
167	NIC1293	NIC1293	NIC1293
167	NIC1294	NIC1293	NIC1293
168	NIC129	NIC129	NIC129
169	NIC1290	NIC1290	NIC1290
170	NIC1299	NIC1419	NIC1419
170	NIC1419	NIC1419	NIC1419
171	NIC1300	NIC1300	NIC1300
172	NIC1301	NIC1301	NIC1301
173	NIC1305	NIC1305	NIC1305
174	NIC1307	NIC1307	NIC1307
175	NIC1309	NIC1309	NIC1309
176	NIC1313	NIC1313	NIC1313
176	NIC1417	NIC1313	NIC1313
177	NIC1315	NIC1453	NIC1453
177	NIC1453	NIC1453	NIC1453
178	NIC1316	NIC1316	NIC1316
179	NIC1317	NIC1317	NIC1317
180	NIC1321	NIC1321	NIC1321
181	NIC1323	NIC1323	NIC1323
182	NIC1328	NIC1328	NIC1328
183	NIC1335	NIC1438	NIC1438
183	NIC1438	NIC1438	NIC1438
183	NIC1467	NIC1438	NIC1438
184	NIC1337	NIC1337	NIC1337
185	NIC1338	NIC1338	NIC1338
186	NIC1341	NIC1341	NIC1341
187	NIC1342	NIC1432	NIC1432
187	NIC1432	NIC1432	NIC1432
187	NIC1436	NIC1432	NIC1432
187	NIC1447	NIC1432	NIC1432
188	NIC1343	NIC1343	NIC1343
189	NIC1344	NIC1344	NIC1344
190	NIC1348	NIC1433	NIC1433
190	NIC1433	NIC1433	NIC1433
191	NIC1354	NIC1354	NIC1354
192	NIC1355	NIC1355	NIC1355
193	NIC1359	NIC1359	NIC1359
194	NIC1363	NIC1363	NIC1363
194	NIC1434	NIC1363	NIC1363
195	NIC1368	NIC1381	NIC1381
195	NIC1381	NIC1381	NIC1381
196	NIC1370	NIC1372	NIC1372
196	NIC1371	NIC1372	NIC1372
196	NIC1372	NIC1372	NIC1372
196	NIC1380	NIC1372	NIC1372
197	NIC1376	NIC1376	NIC1376
198	NIC1378	NIC1378	NIC1378
199	NIC1382	NIC1382	NIC1382
200	NIC1383	NIC1383	NIC1383
201	NIC1384	NIC1384	NIC1384
202	NIC1386	NIC1386	NIC1386
203	NIC1387	NIC1387	NIC1387
204	NIC1389	NIC1389	NIC1389
205	NIC1391	NIC1391	NIC1391
206	NIC1392	NIC1392	NIC1392
207	NIC1393	NIC1393	NIC1393
208	NIC1395	NIC1395	NIC1395
209	NIC1400	NIC1400	NIC1400
210	NIC1405	NIC1405	NIC1405
211	NIC1408	NIC1408	NIC1408
212	NIC1411	NIC1411	NIC1411
213	NIC1415	NIC1415	NIC1415
214	NIC1420	NIC1420	NIC1420
215	NIC1422	NIC1422	NIC1422
216	NIC1425	NIC1425	NIC1425
217	NIC1430	NIC1430	NIC1430
218	NIC1470	NIC1470	NIC1470
218	NIC1471	NIC1470	NIC1470
218	NIC1472	NIC1470	NIC1470
218	NIC1473	NIC1470	NIC1470
218	NIC1474	NIC1470	NIC1470
219	NIC1475	NIC1477	NIC1477
219	NIC1477	NIC1477	NIC1477
220	NIC1476	NIC1476	NIC1476
221	NIC1478	NIC1478	NIC1478
222	NIC1514	NIC1514	NIC1514
223	NIC1526	NIC1526	NIC1526
224	NIC1531	NIC1531	NIC1531
225	NIC1534	NIC1534	NIC1534
226	NIC1541	NIC1541	NIC1541
227	NIC1542	NIC1542	NIC1542
228	NIC1543	NIC1543	NIC1543
229	NIC1544	NIC1544	NIC1544
230	NIC1545	NIC1545	NIC1545
231	NIC1546	NIC1546	NIC1546
232	NIC1547	NIC1547	NIC1547
233	NIC1548	NIC1548	NIC1548
234	NIC1549	NIC1549	NIC1549
235	NIC1550	NIC1550	NIC1550
236	NIC1551	NIC1551	NIC1551
237	NIC1553	NIC1553	NIC1553
238	NIC1555	NIC1555	NIC1555
239	NIC1556	NIC1556	NIC1556
240	NIC1557	NIC1557	NIC1557
240	NIC1558	NIC1557	NIC1557
241	NIC1559	NIC1559	NIC1559
242	NIC1560	NIC1560	NIC1560
243	NIC1561	NIC1561	NIC1561
244	NIC1563	NIC1563	NIC1563
245	NIC1564	NIC1564	NIC1564
246	NIC1565	NIC1565	NIC1565
247	NIC1583	NIC1583	NIC1583
248	NIC1584	NIC1584	NIC1584
249	NIC1585	NIC1585	NIC1585
250	NIC1586	NIC1586	NIC1586
251	NIC1587	NIC1587	NIC1587
252	NIC1588	NIC1588	NIC1588
253	NIC1592	NIC1592	NIC1592
254	NIC1594	NIC1594	NIC1594
255	NIC1596	NIC1596	NIC1596
256	NIC1603	NIC1603	NIC1603
257	NIC1644	NIC1644	NIC1644
258	NIC1646	NIC1646	NIC1646
259	NIC1647	NIC1647	NIC1647
260	NIC1648	NIC1648	NIC1648
261	NIC1649	NIC1649	NIC1649
262	NIC1650	NIC1650	NIC1650
263	NIC1651	NIC1651	NIC1651
264	NIC1653	NIC1653	NIC1653
265	NIC1656	NIC1656	NIC1656
266	NIC1657	NIC1657	NIC1657
267	NIC1658	NIC1658	NIC1658
268	NIC1679	NIC1679	NIC1679
269	NIC1694	NIC1694	NIC1694
270	NIC1837	NIC1846	NIC1846
270	NIC1846	NIC1846	NIC1846
270	NIC1848	NIC1846	NIC1846
271	NIC1851	NIC1851	NIC1851
272	NIC1855	NIC1855	NIC1855
273	NIC1856	NIC1856	NIC1856
274	NIC1862	NIC1862	NIC1862
275	NIC1877	NIC1877	NIC1877
275	NIC1878	NIC1877	NIC1877
275	NIC1960	NIC1877	NIC1877
275	NIC1961	NIC1877	NIC1877
276	NIC1879	NIC1879	NIC1879
277	NIC1881	NIC1881	NIC1881
278	NIC1886	NIC1886	NIC1886
279	NIC1911	NIC1911	NIC1911
280	NIC1912	NIC1912	NIC1912
281	NIC1913	NIC1913	NIC1913
282	NIC1914	NIC1914	NIC1914
283	NIC1915	NIC1915	NIC1915
284	NIC1916	NIC1916	NIC1916
285	NIC1917	NIC1917	NIC1917
286	NIC1918	NIC1918	NIC1918
287	NIC1919	NIC1919	NIC1919
288	NIC192	NIC192	NIC192
289	NIC1927	NIC1927	NIC1927
290	NIC1928	NIC1928	NIC1928
291	NIC1929	NIC1929	NIC1929
291	NIC1930	NIC1929	NIC1929
292	NIC193	NIC193	NIC193
293	NIC1938	NIC1939	NIC1939
293	NIC1939	NIC1939	NIC1939
294	NIC1940	NIC1941	NIC1941
294	NIC1941	NIC1941	NIC1941
295	NIC1950	NIC1950	NIC1950
296	NIC1962	NIC1962	NIC1962
297	NIC1976	NIC1976	NIC1976
298	NIC203	NIC203	NIC203
299	NIC2355	NIC2355	NIC2355
300	NIC2357	NIC2357	NIC2357
301	NIC2360	NIC2360	NIC2360
302	NIC2361	NIC2361	NIC2361
303	NIC2362	NIC2362	NIC2362
304	NIC2363	NIC2363	NIC2363
305	NIC2364	NIC2364	NIC2364
306	NIC2365	NIC2365	NIC2365
307	NIC2366	NIC2366	NIC2366
308	NIC2367	NIC2367	NIC2367
309	NIC2368	NIC2368	NIC2368
310	NIC2370	NIC2371	NIC2371
310	NIC2371	NIC2371	NIC2371
311	NIC2373	NIC2373	NIC2373
312	NIC2375	NIC2375	NIC2375
313	NIC245	NIC247	NIC247
313	NIC247	NIC247	NIC247
314	NIC249	NIC249	NIC249
315	NIC280	NIC280	NIC280
316	NIC284	NIC284	NIC284
317	NIC286	NIC286	NIC286
318	NIC289	NIC294	NIC294
318	NIC294	NIC294	NIC294
319	NIC291	NIC291	NIC291
320	NIC300	NIC300	NIC300
321	NIC311	NIC311	NIC311
322	NIC312	NIC312	NIC312
323	NIC314	NIC314	NIC314
324	NIC321	NIC321	NIC321
324	NIC324	NIC321	NIC321
325	NIC322	NIC322	NIC322
326	NIC339	NIC339	NIC339
327	NIC344	NIC344	NIC344
328	NIC350	NIC350	NIC350
329	NIC354	NIC354	NIC354
329	NIC473	NIC354	NIC354
330	NIC359	NIC359	NIC359
331	NIC363	NIC363	NIC363
332	NIC365	NIC365	NIC365
333	NIC372	NIC372	NIC372
334	NIC374	NIC387	NIC387
334	NIC387	NIC387	NIC387
334	NIC390	NIC387	NIC387
335	NIC375	NIC416	NIC416
335	NIC383	NIC416	NIC416
335	NIC416	NIC416	NIC416
336	NIC378	NIC389	NIC389
336	NIC389	NIC389	NIC389
337	NIC380	NIC925	NIC925
337	NIC925	NIC925	NIC925
338	NIC382	NIC382	NIC382
339	NIC384	NIC384	NIC384
340	NIC391	NIC391	NIC391
341	NIC393	NIC393	NIC393
342	NIC396	NIC396	NIC396
343	NIC403	NIC404	NIC404
343	NIC404	NIC404	NIC404
343	NIC405	NIC404	NIC404
343	NIC409	NIC404	NIC404
344	NIC407	NIC407	NIC407
345	NIC408	NIC408	NIC408
346	NIC413	NIC413	NIC413
347	NIC417	NIC417	NIC417
348	NIC420	NIC420	NIC420
349	NIC422	NIC422	NIC422
350	NIC424	NIC424	NIC424
351	NIC425	NIC425	NIC425
352	NIC426	NIC426	NIC426
353	NIC434	NIC434	NIC434
354	NIC436	NIC436	NIC436
355	NIC441	NIC441	NIC441
356	NIC443	NIC443	NIC443
357	NIC444	NIC444	NIC444
358	NIC445	NIC445	NIC445
359	NIC450	NIC450	NIC450
360	NIC454	NIC454	NIC454
361	NIC458	NIC458	NIC458
362	NIC459	NIC459	NIC459
363	NIC461	NIC461	NIC461
364	NIC468	NIC468	NIC468
364	NIC472	NIC468	NIC468
365	NIC469	NIC469	NIC469
366	NIC475	NIC475	NIC475
367	NIC478	NIC478	NIC478
368	NIC479	NIC479	NIC479
369	NIC489	NIC489	NIC489
370	NIC491	NIC491	NIC491
371	NIC492	NIC492	NIC492
372	NIC496	NIC496	NIC496
373	NIC51	NIC51	NIC51
373	NIC90	NIC51	NIC51
374	NIC517	NIC517	NIC517
375	NIC530	NIC530	NIC530
376	NIC533	NIC533	NIC533
377	NIC535	NIC535	NIC535
377	NIC536	NIC535	NIC535
378	NIC540	NIC540	NIC540
379	NIC547	NIC589	NIC589
379	NIC580	NIC589	NIC589
379	NIC588	NIC589	NIC589
379	NIC589	NIC589	NIC589
379	NIC594	NIC589	NIC589
380	NIC55	NIC55	NIC55
381	NIC550	NIC551	NIC551
381	NIC551	NIC551	NIC551
382	NIC56	NIC56	NIC56
383	NIC563	NIC746	NIC746
383	NIC581	NIC746	NIC746
383	NIC746	NIC746	NIC746
384	NIC567	NIC567	NIC567
385	NIC568	NIC587	NIC587
385	NIC587	NIC587	NIC587
385	NIC598	NIC587	NIC587
386	NIC57	NIC57	NIC57
387	NIC570	NIC570	NIC570
387	NIC761	NIC570	NIC570
388	NIC571	NIC571	NIC571
388	NIC573	NIC571	NIC571
388	NIC592	NIC571	NIC571
389	NIC572	NIC572	NIC572
390	NIC575	NIC575	NIC575
391	NIC577	NIC577	NIC577
391	NIC579	NIC577	NIC577
391	NIC750	NIC577	NIC577
392	NIC58	NIC58	NIC58
393	NIC584	NIC584	NIC584
394	NIC585	NIC585	NIC585
395	NIC586	NIC586	NIC586
396	NIC591	NIC591	NIC591
397	NIC747	NIC747	NIC747
398	NIC748	NIC749	NIC749
398	NIC749	NIC749	NIC749
399	NIC751	NIC751	NIC751
400	NIC752	NIC753	NIC753
400	NIC753	NIC753	NIC753
401	NIC763	NIC763	NIC763
402	NIC773	NIC773	NIC773
403	NIC775	NIC775	NIC775
404	NIC85	NIC85	NIC85
405	NIC894	NIC894	NIC894
406	NIC895	NIC895	NIC895
407	NIC898	NIC898	NIC898
408	NIC903	NIC903	NIC903
409	NIC904	NIC904	NIC904
410	NIC905	NIC905	NIC905
411	NIC907	NIC907	NIC907
411	NIC913	NIC907	NIC907
412	NIC908	NIC908	NIC908
413	NIC909	NIC909	NIC909
414	NIC91	NIC91	NIC91
415	NIC912	NIC948	NIC948
415	NIC948	NIC948	NIC948
416	NIC915	NIC945	NIC945
416	NIC943	NIC945	NIC945
416	NIC945	NIC945	NIC945
416	NIC946	NIC945	NIC945
416	NIC950	NIC945	NIC945
416	NIC960	NIC945	NIC945
417	NIC916	NIC916	NIC916
418	NIC917	NIC917	NIC917
419	NIC920	NIC920	NIC920
420	NIC923	NIC936	NIC936
420	NIC936	NIC936	NIC936
421	NIC926	NIC926	NIC926
422	NIC927	NIC927	NIC927
423	NIC929	NIC929	NIC929
424	NIC932	NIC956	NIC956
424	NIC956	NIC956	NIC956
425	NIC933	NIC933	NIC933
426	NIC934	NIC934	NIC934
427	NIC938	NIC938	NIC938
428	NIC939	NIC939	NIC939
429	NIC94	NIC94	NIC94
430	NIC940	NIC940	NIC940
431	NIC941	NIC941	NIC941
432	NIC942	NIC942	NIC942
432	NIC967	NIC942	NIC942
433	NIC944	NIC944	NIC944
434	NIC947	NIC947	NIC947
435	NIC951	NIC953	NIC953
435	NIC953	NIC953	NIC953
436	NIC952	NIC952	NIC952
437	NIC955	NIC955	NIC955
438	NIC957	NIC957	NIC957
439	NIC958	NIC958	NIC958
439	NIC969	NIC958	NIC958
440	NIC959	NIC959	NIC959
441	NIC961	NIC961	NIC961
442	NIC962	NIC962	NIC962
443	NIC964	NIC964	NIC964
444	NIC965	NIC965	NIC965
445	NIC970	NIC970	NIC970
446	NIC972	NIC972	NIC972
447	NIC975	NIC975	NIC975
447	NIC976	NIC975	NIC975
448	NIC977	NIC977	NIC977
449	NIC980	NIC980	NIC980
450	NIC983	NIC983	NIC983
451	NIC986	NIC986	NIC986
452	NIC987	NIC987	NIC987
453	NIC988	NIC988	NIC988
454	NIC989	NIC989	NIC989
455	NIC99	NIC99	NIC99
456	NIC993	NIC993	NIC993
457	NIC994	NIC994	NIC994
458	NIC999	NIC999	NIC999
459	QG1000	QG1000	QG1000
460	QG1004	QG1004	QG1004
461	QG131	QG131	QG131
462	QG2697	QG2726	QG2726
462	QG2699	QG2726	QG2726
462	QG2726	QG2726	QG2726
462	QG2727	QG2726	QG2726
462	QG2733	QG2726	QG2726
462	QG2755	QG2726	QG2726
463	QG2716	QG2716	QG2716
463	QG2720	QG2716	QG2716
464	QG2724	QG2724	QG2724
464	QG2725	QG2724	QG2724
465	QG2747	QG2770	QG2770
465	QG2748	QG2770	QG2770
465	QG2749	QG2770	QG2770
465	QG2770	QG2770	QG2770
465	QG2771	QG2770	QG2770
465	QG2772	QG2770	QG2770
465	QG2773	QG2770	QG2770
466	QG2896	QG2896	QG2896
467	QG2897	QG2897	QG2897
468	QG2898	QG2898	QG2898
469	QG2899	QG2899	QG2899
470	QG2904	QG2904	QG2904
471	QG2905	QG2905	QG2905
472	QG3008	QG3008	QG3008
473	QG3009	QG3009	QG3009
474	QG3010	QG3010	QG3010
475	QG3011	QG3011	QG3011
476	QG3013	QG3013	QG3013
477	QG3024	QG3024	QG3024
478	QG3036	QG3037	QG3037
478	QG3037	QG3037	QG3037
479	QG3038	QG3038	QG3038
480	QG3055	QG3055	QG3055
481	QG3064	QG3064	QG3064
482	QG3514	QG3514	QG3514
483	QG3520	QG3526	QG3526
483	QG3526	QG3526	QG3526
483	QG3548	QG3526	QG3526
483	QG3549	QG3526	QG3526
483	QG3835	QG3526	QG3526
483	QG3836	QG3526	QG3526
484	QG3521	QG3521	QG3521
485	QG3522	QG3522	QG3522
486	QG3523	QG3523	QG3523
487	QG3529	QG3529	QG3529
488	QG3533	QG3533	QG3533
489	QG3535	QG3535	QG3535
490	QG3539	QG3539	QG3539
491	QG3543	QG3543	QG3543
492	QG3545	QG3545	QG3545
493	QG3546	QG3546	QG3546
494	QG3547	QG3547	QG3547
495	QG3782	QG3831	QG3831
495	QG3803	QG3831	QG3831
495	QG3831	QG3831	QG3831
496	QG3785	QG3785	QG3785
497	QG3786	QG3786	QG3786
498	QG3789	QG3789	QG3789
499	QG3790	QG3790	QG3790
500	QG3791	QG3856	QG3856
500	QG3855	QG3856	QG3856
500	QG3856	QG3856	QG3856
500	QG3857	QG3856	QG3856
501	QG3792	QG3818	QG3818
501	QG3818	QG3818	QG3818
502	QG3793	QG3793	QG3793
502	QG3854	QG3793	QG3793
502	QG3859	QG3793	QG3793
503	QG3795	QG3795	QG3795
503	QG3838	QG3795	QG3795
503	QG3860	QG3795	QG3795
504	QG3797	QG3797	QG3797
505	QG3799	QG3799	QG3799
506	QG3800	QG3800	QG3800
506	QG3853	QG3800	QG3800
507	QG3802	QG3871	QG3871
507	QG3869	QG3871	QG3871
507	QG3871	QG3871	QG3871
508	QG3805	QG3805	QG3805
508	QG3814	QG3805	QG3805
508	QG3833	QG3805	QG3805
509	QG3807	QG3807	QG3807
510	QG3808	QG3808	QG3808
511	QG3809	QG3809	QG3809
512	QG3811	QG3811	QG3811
513	QG3812	QG3812	QG3812
514	QG3817	QG3817	QG3817
515	QG3821	QG3821	QG3821
516	QG3824	QG3824	QG3824
517	QG3828	QG3828	QG3828
518	QG3829	QG3829	QG3829
519	QG3834	QG3834	QG3834
520	QG3839	QG3839	QG3839
521	QG3843	QG3843	QG3843
522	QG3844	QG3845	QG3845
522	QG3845	QG3845	QG3845
523	QG3846	QG3848	QG3848
523	QG3848	QG3848	QG3848
524	QG3847	QG3847	QG3847
525	QG3849	QG3849	QG3849
526	QG3850	QG3850	QG3850
527	QG3852	QG3852	QG3852
528	QG3862	QG3862	QG3862
529	QG3863	QG3863	QG3863
530	QG3868	QG3868	QG3868
531	QG3872	QG3872	QG3872
532	QG3873	QG3873	QG3873
533	QG3877	QG3877	QG3877
534	QG3880	QG3880	QG3880
535	QG4629	QG4629	QG4629
536	QG4641	QG4730	QG4730
536	QG4730	QG4730	QG4730
537	QG4646	QG4646	QG4646
538	QG4653	QG4653	QG4653
539	QG4659	QG4659	QG4659
540	QG4669	QG4669	QG4669
541	QG4671	QG4671	QG4671
542	QG4672	QG4672	QG4672
543	QG4694	QG4694	QG4694
544	QG4695	QG4695	QG4695
545	QG4696	QG4696	QG4696
546	QG4702	QG4702	QG4702
547	QG4713	QG4713	QG4713
548	QG4714	QG4714	QG4714
549	QG4739	QG4739	QG4739
550	QG4740	QG4740	QG4740
551	QG4741	QG4741	QG4741
552	QG4754	QG4754	QG4754
553	QG4759	QG4759	QG4759
554	QG4779	QG4779	QG4779
555	QG4780	QG4780	QG4780
556	QG4781	QG4781	QG4781
557	QG4782	QG4782	QG4782
558	QG4817	QG4817	QG4817
559	QG4824	QG4824	QG4824
560	QG4866	QG4866	QG4866
561	QG4867	QG4867	QG4867
562	QG4868	QG4869	QG4869
562	QG4869	QG4869	QG4869
563	QG4870	QG4870	QG4870
564	QG4871	QG4871	QG4871
565	QG4878	QG4878	QG4878
566	QG4891	QG4891	QG4891
567	QG4892	QG4892	QG4892
568	QG4893	QG4893	QG4893
569	QG4894	QG4894	QG4894
569	QG4910	QG4894	QG4894
570	QG4897	QG4897	QG4897
571	QG4904	QG4904	QG4904
572	QG5104	QG5104	QG5104
573	QG5159	QG5159	QG5159
574	QG5160	QG5160	QG5160
575	QG5161	QG5161	QG5161
576	QG5220	QG5220	QG5220
577	QG5237	QG5237	QG5237
578	QG5256	QG5256	QG5256
579	QG5260	QG5260	QG5260
580	QG5262	QG5262	QG5262
581	QG5305	QG5305	QG5305
582	QG5319	QG5319	QG5319
583	QG5364	QG5364	QG5364
584	QG5365	QG5365	QG5365
585	QG5366	QG5366	QG5366
586	QG5405	QG5405	QG5405
587	QG5502	QG5502	QG5502
588	QG5503	QG5503	QG5503
589	QG5510	QG5510	QG5510
590	QG5550	QG5550	QG5550
591	QG5551	QG5551	QG5551
592	QG5552	QG5552	QG5552
593	QG5576	QG5576	QG5576
594	QG5588	QG5588	QG5588
595	QG5602	QG5602	QG5602
596	QG5628	QG5628	QG5628
597	QG5629	QG5629	QG5629
598	QG5638	QG5638	QG5638
599	QG5643	QG5643	QG5643
600	QG5650	QG5650	QG5650
601	QG5652	QG5652	QG5652
602	QG5654	QG5654	QG5654
603	QG5655	QG5655	QG5655
604	QG800	QG800	QG800
604	QG801	QG800	QG800
605	QG820	QG823	QG823
605	QG823	QG823	QG823
606	QG834	QG834	QG834
607	QG835	QG836	QG836
607	QG836	QG836	QG836
607	QG837	QG836	QG836
607	QG838	QG836	QG836
607	QG839	QG836	QG836
608	QG840	QG840	QG840
609	QG841	QG841	QG841
609	QG842	QG841	QG841
609	QG843	QG841	QG841
610	QG844	QG845	QG845
610	QG845	QG845	QG845
610	QG851	QG845	QG845
611	QG846	QG846	QG846
611	QG847	QG846	QG846
612	QG848	QG848	QG848
613	QG849	QG850	QG850
613	QG850	QG850	QG850
614	QG852	QG852	QG852
615	QG853	QG853	QG853
616	QG921	QG921	QG921
617	QG935	QG935	QG935
618	QG942	QG942	QG942
619	QG981	QG981	QG981
620	QG987	QG987	QG987
621	TWN2103	TWN2103	TWN2103
